file,grade,grade_label,year,denomination,detail,contrast,surface,luster,marks,exposure_quality
12d2_e7_3-g4_1904_10-cent_thn.jpg,4,G4,1904,10-cent,1.0,1.0,0.0,0.9475,1.0,0.0
12d1_vl_8-au50_1886_10-cent_thn.jpg,50,AU50,1886,10-cent,1.0,1.0,0.0,1.0,1.0,0.0
12g1_vd_1-f2_1898_50-cent_thn.jpg,2,F2,1898,50-cent,1.0,1.0,0.0,1.0,0.915103465887047,0.0
12g3_g5_3-g4_1911_50-cent_thn.jpg,4,G4,1911,50-cent,0.879452252036251,1.0,0.0,1.0,0.5557602533356047,0.0
12c2_e7_9-ms63_1910_5-cent_thn.jpg,63,MS63,1910,5-cent,1.0,1.0,0.0,1.0,1.0,0.0
12f3_g5_9-ms64_1936_25-cent_thn.jpg,64,MS64,1936,25-cent,1.0,1.0,0.0,1.0,1.0,0.0
12c1_vl_6-vf20_1894_5-cent_thn.jpg,20,VF20,1894,5-cent,0.5984545979690239,0.8455262971967832,0.0,1.0,0.3224999923493354,0.0
12g3_g5_9-ms63_1919_50-cent_thn.jpg,63,MS63,1919,50-cent,1.0,1.0,0.0,1.0,0.9509425788724009,0.0
12c3_g5b_9-ms66_1929_5-cent_thn.jpg,66,MS66,1929,5-cent,1.0,1.0,0.0,1.0,1.0,0.0
12f1_vd_6-vf20_1893_25-cent_thn.jpg,20,VF20,1893,25-cent,0.6711070355884277,0.9660621843352445,0.0,1.0,0.3996866967864829,0.0
12g3_g5_7-ef40_1911_50-cent_thn.jpg,40,EF40,1911,50-cent,1.0,1.0,0.0,1.0,1.0,0.0
12g3_g5_9-ms61_1920_50-cent_thn.jpg,61,MS61,1920,50-cent,0.7845998321772768,1.0,0.0,0.8125,0.4292012604214802,0.0
12d4_g6_9-ms66_1948_10-cent_thn.jpg,66,MS66,1948,10-cent,1.0,1.0,0.0,0.97,0.22529688262055778,0.0
12f1_vd_9-ms67_1874h_25-cent_thn.jpg,67,MS67,1874h,25-cent,1.0,1.0,0.0,1.0,1.0,0.0
12d3_g5_9-ms67_1912_10-cent_thn.jpg,67,MS67,1912,10-cent,1.0,1.0,0.0,1.0,1.0,0.0
12g2_e7_4-vg08_1910_50-cent_thn.jpg,8,VG08,1910,50-cent,1.0,1.0,0.0,1.0,1.0,0.0
12h1_g5_9-ms67_1935_1-dollar_thn.jpg,67,MS67,1935,1-dollar,0.9440681185794672,1.0,0.0,0.91,0.4679419587718723,0.0
12d2_e7_9-ms61_1909_10-cent_thn.jpg,61,MS61,1909,10-cent,0.7190204497627906,0.9991244978669281,0.0,1.0,0.4853288023264366,0.0
12a2_vd_8-au58_1891_1-cent_thn.jpg,58,AU58,1891,1-cent,1.0,1.0,0.0,1.0,0.8152027885142104,0.0
12c2_e7_8-au50_1909_5-cent_thn.jpg,50,AU50,1909,5-cent,1.0,1.0,0.0,1.0,1.0,0.0
12c2_e7_3-g4_1903_5-cent_thn.jpg,4,G4,1903,5-cent,0.450315199717036,0.4105079149783646,0.0,1.0,0.0,0.0
12c3_g5a_9-ms64_1919_5-cent_thn.jpg,64,MS64,1919,5-cent,1.0,1.0,0.0,1.0,1.0,0.0
12c1_vl_9-ms61_1886_5-cent_thn(1).jpg,61,MS61,1886,5-cent,1.0,1.0,0.0,1.0,1.0,0.0
12f2_e7_9-ms67_1908_25-cent_thn.jpg,67,MS67,1908,25-cent,1.0,1.0,0.0,1.0,1.0,0.0
12h1_g5_8-au55_1935_1-dollar_thn.jpg,55,AU55,1935,1-dollar,1.0,1.0,0.0,1.0,1.0,0.0
12h2_g5_9-ms65_1936_1-dollar_thn.jpg,65,MS65,1936,1-dollar,0.9983090209264192,1.0,0.0,1.0,0.5449699827593693,0.0
12d2_e7_8-au50_1902_10-cent_thn.jpg,50,AU50,1902,10-cent,0.9233040546638022,0.996406449603343,0.0,0.955,0.6322215614314927,0.0
12a2_vd_7-ef40_1882h_1-cent_thn.jpg,40,EF40,1882h,1-cent,1.0,1.0,0.0,1.0,1.0,0.0
12f2_e7_9-ms60_1909_25-cent_thn.jpg,60,MS60,1909,25-cent,0.9234752997693768,1.0,0.0,1.0,0.6428078142867488,0.0
12a3_e7_8-au53_1907_1-cent_thn.jpg,53,AU53,1907,1-cent,0.8849155794373348,1.0,0.0,1.0,0.8948150369674444,0.0
12d3_g5_9-ms61_1931_10-cent_thn.jpg,61,MS61,1931,10-cent,0.8823994797793266,1.0,0.0,1.0,0.8308214784869546,0.0
12d3_g5_6-vf30_1911_10-cent_thn.jpg,30,VF30,1911,10-cent,1.0,1.0,0.0,0.9775,1.0,0.0
12c2_e7_8-au53_1909_5-cent_thn.jpg,53,AU53,1909,5-cent,1.0,1.0,0.0,1.0,1.0,0.0
12h3_g6_9_ms64_1950_1-dollar_thn.jpg,64,MS64,1950,1-dollar,1.0,1.0,0.0,1.0,0.9469528989954733,0.0
12g1_vd_9-ms67_1871h_50-cent_thn.jpg,67,MS67,1871h,50-cent,1.0,1.0,0.0,1.0,0.9921768271458725,0.0
12d2_e7_9-ms67_1902h_10-cent_thn.jpg,67,MS67,1902h,10-cent,1.0,1.0,0.0,1.0,0.7625888851372298,0.0
12a2_vd_4-vg08_1891_1-cent_thn.jpg,8,VG08,1891,1-cent,0.9163497567804054,0.9614347963133644,0.0,1.0,0.601618903284606,0.0
12c4_g6_7-ef45_1947_5-cent_thn.jpg,45,EF45,1947,5-cent,1.0,1.0,0.0,1.0,1.0,0.0
12a3_e7_6-vf30_1907h_1-cent_thn.jpg,30,VF30,1907h,1-cent,1.0,0.9975983566106466,0.0,1.0,0.6362565785797487,0.0
12f1_vd_3-g6_1900_25-cent_thn.jpg,6,G6,1900,25-cent,1.0,1.0,0.0,1.0,0.8900319548422643,0.0
12c2_e7_9-ms65_1909_5-cent_thn.jpg,65,MS65,1909,5-cent,1.0,1.0,0.0,1.0,1.0,0.0
12c2_e7_9-ms67_1902_5-cent_thn.jpg,67,MS67,1902,5-cent,1.0,1.0,0.0,1.0,1.0,0.0
12b2_g6_9-ms63r_1949_1-cent_thn.jpg,63,MS63R,1949,1-cent,0.8212968233695908,1.0,0.0,1.0,0.647092186427313,0.0
12b1_g5b_9-ms60_1933_1-cent_thn.jpg,60,MS60,1933,1-cent,1.0,1.0,0.0,1.0,0.9839027751283811,0.0
12a3_e7_5-f15_1905_1-cent_obv_c&c_thn.jpg,15,F15,1905,1-cent,0.6863263355343426,0.33266938870658136,0.0357142857142857,1.0,0.0,0.0
12d3_g5_3-g6_1914_10-cent_thn.jpg,6,G6,1914,10-cent,0.7860901380910823,1.0,0.0,1.0,0.2324601714904957,0.0
12g2_e7_9-ms62_1907_50-cent_thn.jpg,62,MS62,1907,50-cent,1.0,1.0,0.0,1.0,1.0,0.0
12h1_g5_7-ef45_1935_1-dollar_thn.jpg,45,EF45,1935,1-dollar,0.7506800327001095,0.8292121531937134,0.0,0.9924999999999999,0.22371007812405255,0.0
12d2_e7_5-f12_1904_10-cent_thn.jpg,12,F12,1904,10-cent,1.0,1.0,0.0,1.0,1.0,0.0
12c4_g6_8-au58_1938_5-cent_thn.jpg,58,AU58,1938,5-cent,0.7466867497941406,0.9738709182540465,0.0,1.0,0.3583391053346894,0.0
12a3_e7_7-ef40_1907h_1-cent_thn.jpg,40,EF40,1907h,1-cent,1.0,0.7431047886906413,0.0,1.0,0.3849294149689842,0.0
12f1_vd_2-ag3_1887_25-cent_thn.jpg,3,AG3,1887,25-cent,0.6527932187871884,0.5677135037688504,0.0,1.0,0.0,0.0
12h2_g5_3-g6_1936_1-dollar_thn.jpg,6,G6,1936,1-dollar,1.0,1.0,0.0,1.0,1.0,0.0
12b1_g5b_6-vf20_1923_1-cent_thn.jpg,20,VF20,1923,1-cent,0.5519756161574576,0.7000244954320209,0.0,1.0,0.15681493427852472,0.0
12f4_g6_9-ms65_1947ml_25-cent_thn.jpg,65,MS65,1947ml,25-cent,1.0,1.0,0.0,1.0,0.25361000856534394,0.0
12d1_vl_7-ef40_1887_10-cent_thn.jpg,40,EF40,1887,10-cent,1.0,1.0,0.0,1.0,0.9772835335143877,0.0
12f4_g6_6-vf30_1944_25-cent_thn.jpg,30,VF30,1944,25-cent,0.4883574840817548,0.7546026065215329,0.0,0.835,0.08239380339242933,0.0
12c1_vl_7-ef40_1880h_5-cent_thn.jpg,40,EF40,1880h,5-cent,1.0,1.0,0.0,1.0,1.0,0.0
12a3_e7_8-au55_1908_1-cent_thn.jpg,55,AU55,1908,1-cent,1.0,1.0,0.0,1.0,0.42822650908791265,0.0
12h3_g6_8-au58_1948_1-dollar_thn.jpg,58,AU58,1948,1-dollar,1.0,1.0,0.0,1.0,1.0,0.0
12g1_vd_3-g6_1871h_50-cent_thn.jpg,6,G6,1871h,50-cent,0.7824610673040813,0.7647249013962396,0.0,1.0,0.3462113852542565,0.0
12d1_vl_9-ms61_1887_10-cent_thn.jpg,61,MS61,1887,10-cent,0.9009158637048148,1.0,0.0,1.0,0.605699257704191,0.0
12a2_vd_9-ms65_1892_1-cent_thn.jpg,65,MS65,1892,1-cent,1.0,1.0,0.0,1.0,1.0,0.0
12a2_vd_9-ms61b_1888_1-cent_thn.jpg,61,MS61B,1888,1-cent,0.7479038121574688,0.7690047496655994,0.0,1.0,0.3427204153619449,0.0
12h2_g5_9-ms61_1936_1-dollar_thn.jpg,61,MS61,1936,1-dollar,1.0,1.0,0.0,0.9475,1.0,0.0
12f1_vd_7-ef40_1885_25-cent_thn.jpg,40,EF40,1885,25-cent,1.0,1.0,0.0,1.0,1.0,0.0
12a2_vd_6-vf30_1882h_1-cent_thn.jpg,30,VF30,1882h,1-cent,1.0,1.0,0.0,1.0,1.0,0.0
12g4_g6_7-ef45_1950_50-cent_thn.jpg,45,EF45,1950,50-cent,1.0,1.0,0.0,1.0,1.0,0.0
12h3_g6_9_ms62_1946_1-dollar_thn.jpg,62,MS62,1946,1-dollar,1.0,1.0,0.0,1.0,1.0,0.0
12f2_e7_8-au55_1904_25-cent_thn.jpg,55,AU55,1904,25-cent,1.0,1.0,0.0,1.0,0.9362533029618952,0.0
12a2_vd_8-au50_1891_1-cent_thn.jpg,50,AU50,1891,1-cent,1.0,1.0,0.0,1.0,0.8836393995849146,0.0
12f4_g6_5-f15_1938_25-cent_thn.jpg,15,F15,1938,25-cent,0.9082277152460774,1.0,0.0,1.0,0.7312608306490834,0.0
12f4_g6_9-ms62_1937_25-cent_thn.jpg,62,MS62,1937,25-cent,1.0,1.0,0.0,1.0,1.0,0.0
12c1_vl_2-ag3_1875h_5-cent_thn.jpg,3,AG3,1875h,5-cent,0.5193568196765077,0.46023776668719707,0.0,1.0,0.0,0.0
12f3_g5_8-au58_1914_25-cent_thn.jpg,58,AU58,1914,25-cent,1.0,1.0,0.0,1.0,1.0,0.0
12d3_g5_4-vg08_1913_10-cent_thn.jpg,8,VG08,1913,10-cent,1.0,1.0,0.0,1.0,1.0,0.0
12f3_g5_8-au50_1935_25-cent_thn.jpg,50,AU50,1935,25-cent,1.0,1.0,0.0,1.0,1.0,0.0
12d2_e7_5-f15_1909_10-cent_thn.jpg,15,F15,1909,10-cent,1.0,1.0,0.0,1.0,1.0,0.0
12h2_g5_9-ms62_1936_1-dollar_thn.jpg,62,MS62,1936,1-dollar,1.0,1.0,0.0,1.0,0.7207425837008202,0.0
12b2_g6_9-ms62_1947_1-cent_thn.jpg,62,MS62,1947,1-cent,1.0,1.0,0.0,1.0,1.0,0.0
12c1_vl_8-au50_1901_5-cent_thn.jpg,50,AU50,1901,5-cent,1.0,1.0,0.0,1.0,1.0,0.0
12c3_g5a_9-ms62_1912_5-cent_thn.jpg,62,MS62,1912,5-cent,1.0,1.0,0.0,1.0,1.0,0.0
12f4_g6_4-vg08_1939_25-cent_thn.jpg,8,VG08,1939,25-cent,1.0,1.0,0.0,1.0,0.9303821263248259,0.0
12c3_g5b_9-ms63_1929_5-cent_thn.jpg,63,MS63,1929,5-cent,1.0,1.0,0.0,1.0,1.0,0.0
12c4_g6_8-au53_1947_5-cent_thn.jpg,53,AU53,1947,5-cent,1.0,1.0,0.0,1.0,1.0,0.0
12g2_e7_9-ms66_1902_50-cent_thn.jpg,66,MS66,1902,50-cent,1.0,1.0,0.0,1.0,0.9304274635961546,0.0
12c1_vl_9-ms60_1901_5-cent_thn.jpg,60,MS60,1901,5-cent,1.0,1.0,0.0,1.0,1.0,0.0
12a3_e7_2-ag3_1910_1-cent_obv_c&c_thn.jpg,3,AG3,1910,1-cent,0.5164848554660081,0.7133523522200964,0.2857142857142857,0.34949511734589267,0.26655379952969377,1.0
12a2_vd_7-ef45_1888_1-cent_thn.jpg,45,EF45,1888,1-cent,1.0,1.0,0.0,1.0,0.5805144034810864,0.0
12d4_g6_8-au58_1938_10-cent_thn.jpg,58,AU58,1938,10-cent,0.6629190813581393,0.929561196468134,0.0,0.8425,0.5151833954963995,0.0
12f1_vd_9-ms60_1870_25-cent_thn.jpg,60,MS60,1870,25-cent,1.0,1.0,0.0,1.0,1.0,0.0
12h2_g5_9-ms67_1936_1-dollar_thn.jpg,67,MS67,1936,1-dollar,1.0,1.0,0.0,1.0,1.0,0.0
12b2_g6_9-ms66_1949_1-cent_thn.jpg,66,MS66,1949,1-cent,0.4610017487179094,0.9064285141198668,0.0,1.0,0.1296125714812922,0.0
12g1_vd_8-au58_1900_50-cent_thn.jpg,58,AU58,1900,50-cent,1.0,1.0,0.0,1.0,0.9885498454395749,0.0
12d1_vl_8-au53_1896_10-cent_thn.jpg,53,AU53,1896,10-cent,1.0,1.0,0.0,1.0,1.0,0.0
12f2_e7_7-ef45_1906_25-cent_thn.jpg,45,EF45,1906,25-cent,1.0,1.0,0.0,1.0,0.9413990832577052,0.0
12c3_g5a_9-ms61_1917_5-cent_thn.jpg,61,MS61,1917,5-cent,1.0,1.0,0.0,1.0,1.0,0.0
12f3_g5_7-ef40_1933_25-cent_thn.jpg,40,EF40,1933,25-cent,0.9264105712075695,1.0,0.0,1.0,1.0,0.0
12f4_g6_8-au53_1938_25-cent_thn.jpg,53,AU53,1938,25-cent,1.0,1.0,0.0,0.9025,1.0,0.0
12g2_e7_8-au55_1904_50-cent_thn.jpg,55,AU55,1904,50-cent,1.0,1.0,0.0,1.0,1.0,0.0
12f2_e7_4-vg08_1906_25-cent_thn.jpg,8,VG08,1906,25-cent,0.989385978552435,1.0,0.0,1.0,0.8931375579282818,0.0
12c1_vl_3-g4_1875h_5-cent_thn.jpg,4,G4,1875h,5-cent,0.5249343865878386,0.597294033133631,0.0,1.0,0.0,0.0
12f2_e7_9-ms65_1902_25-cent_thn.jpg,65,MS65,1902,25-cent,1.0,1.0,0.0,1.0,1.0,0.0
12c1_vl_8-au53_1872h_5-cent_thn.jpg,53,AU53,1872h,5-cent,1.0,1.0,0.0,1.0,1.0,0.0
12f2_e7_8-au50_1909_25-cent_thn.jpg,50,AU50,1909,25-cent,0.8729551496274651,1.0,0.0,1.0,0.6928148245623281,0.0
12c3_g5a_9-ms63_1915_5-cent_thn.jpg,63,MS63,1915,5-cent,1.0,1.0,0.0,1.0,1.0,0.0
12f1_vd_9-ms62_1872h_25-cent_thn.jpg,62,MS62,1872h,25-cent,0.9893491685140593,1.0,0.0,1.0,0.9536628151521241,0.0
12c4_g6_9-ms67_1949_5-cent_thn.jpg,67,MS67,1949,5-cent,1.0,1.0,0.0,1.0,0.4526632983340933,0.0
12f2_e7_3-g6_1906_25-cent_thn.jpg,6,G6,1906,25-cent,1.0,1.0,0.0,1.0,1.0,0.0
12g2_e7_3-g6_1910_50-cent_thn.jpg,6,G6,1910,50-cent,1.0,1.0,0.0,1.0,1.0,0.0
12g3_g5_9-ms66_1929_50-cent_thn.jpg,66,MS66,1929,50-cent,1.0,1.0,0.0,1.0,1.0,0.0
12b2_g6_4-vg08_1937_1-cent_obv_c&c_thn.jpg,8,VG08,1937,1-cent,1.0,0.7887282958963032,0.2142857142857143,0.49807769132826885,0.4663098170040382,1.0
12a4_g5a_4-vg10_1917_1-cent_obv_C&C_thn.jpg,10,VG10,1917,1-cent,0.8036028391967087,0.36507813590427596,0.0,1.0,0.0,0.0
12g3_g5_5-f15_1932_50-cent_thn.jpg,15,F15,1932,50-cent,1.0,1.0,0.0,1.0,1.0,0.0
12b2_g6_9-ms64_1948_1-cent_thn.jpg,64,MS64,1948,1-cent,1.0,1.0,0.0,1.0,1.0,0.0
12c2_e7_8-au58_1910_5-cent_thn.jpg,58,AU58,1910,5-cent,1.0,1.0,0.0,1.0,1.0,0.0
12d1_vl_6-vf25_1875h_10-cent_thn.jpg,25,VF25,1875h,10-cent,0.8031635989796071,0.827242938669479,0.0,1.0,0.23053333745902502,0.0
12f1_vd_5-f15_1880h_25-cent_thn.jpg,15,F15,1880h,25-cent,1.0,1.0,0.0,1.0,1.0,0.0
12d1_vl_9-ms65_1870_10-cent_thn.jpg,65,MS65,1870,10-cent,1.0,1.0,0.0,1.0,1.0,0.0
12h2_g5_9-ms64_1936_1-dollar_thn.jpg,64,MS64,1936,1-dollar,1.0,1.0,0.0,1.0,1.0,0.0
12f2_e7_8-au58_1905_25-cent_thn.jpg,58,AU58,1905,25-cent,1.0,1.0,0.0,1.0,1.0,0.0
12d1_vl_4-vg08_1893_10-cent_thn.jpg,8,VG08,1893,10-cent,1.0,1.0,0.0,1.0,1.0,0.0
12c3_g5a_5-f15_1921_5-cent_thn.jpg,15,F15,1921,5-cent,1.0,1.0,0.0,1.0,1.0,0.0
12f1_vd_8-au53_1871h_25-cent_thn.jpg,53,AU53,1871h,25-cent,1.0,1.0,0.0,1.0,1.0,0.0
12c2_e7_6-vf30_1909_5-cent_thn.jpg,30,VF30,1909,5-cent,0.5311563616829196,0.8271378251914961,0.0,0.8500000000000001,0.2619293978541643,0.0
12d3_g5_9-ms65_1936_10-cent_thn.jpg,65,MS65,1936,10-cent,1.0,1.0,0.0,1.0,1.0,0.0
12f3_g5_9-ms62_1936dot_25-cent_thn.jpg,62,MS62,1936dot,25-cent,1.0,1.0,0.0,1.0,1.0,0.0
12c3_g5a_8-au50_1916_5-cent_thn.jpg,50,AU50,1916,5-cent,1.0,1.0,0.0,1.0,0.9329210135192344,0.0
12a4_g5a_5-f12_1918_1-cent_thn.jpg,12,F12,1918,1-cent,1.0,1.0,0.0,1.0,0.5742125227663942,0.0
12c3_g5b_7-ef45_1926_5-cent_thn.jpg,45,EF45,1926,5-cent,1.0,1.0,0.0,1.0,1.0,0.0
12c3_g5a_8-au53_1915_5-cent_thn.jpg,53,AU53,1915,5-cent,1.0,1.0,0.0,1.0,1.0,0.0
12b2_g6_9-ms65_1946_1-cent_thn.jpg,65,MS65,1946,1-cent,1.0,1.0,0.0,1.0,0.6946056467798126,0.0
12g3_g5_8-au53_1920_50-cent_thn.jpg,53,AU53,1920,50-cent,1.0,1.0,0.0,1.0,1.0,0.0
12c3_g5a_6-vf30_1911_5-cent_thn.jpg,30,VF30,1911,5-cent,1.0,1.0,0.0,1.0,0.8958351255723405,0.0
12g4_g6_8-au55_1938_50-cent_thn.jpg,55,AU55,1938,50-cent,1.0,1.0,0.0,1.0,1.0,0.0
12f2_e7_3-g4_1906_25-cent_thn.jpg,4,G4,1906,25-cent,1.0,1.0,0.0,1.0,1.0,0.0
12h1_g5_9-ms62_1935_1-dollar_thn.jpg,62,MS62,1935,1-dollar,0.9292973073541302,1.0,0.0,0.9325,0.5549895197230164,0.0
12a2_vd_3-g4_1887_1-cent_obv-C&C_thn.jpg,4,G4,1887,1-cent,0.2547208070259227,0.5393738456644084,0.3214285714285714,0.3398662353312009,0.0,1.0
12g3_g5_8-au58_1918_50-cent_thn.jpg,58,AU58,1918,50-cent,1.0,1.0,0.0,1.0,1.0,0.0
12c2_e7_9-ms64_1904_5-cent_thn.jpg,64,MS64,1904,5-cent,1.0,1.0,0.0,1.0,1.0,0.0
12g1_vd_8-au53_1871_50-cent_thn.jpg,53,AU53,1871,50-cent,1.0,1.0,0.0,1.0,1.0,0.0
12b2_g6_7-ef40_1948_1-cent_obv_c&c_thn.jpg,40,EF40,1948,1-cent,1.0,1.0,0.0,0.3332506607023886,1.0,1.0
12d1_vl_9-ms63_1888_10-cent_thn.jpg,63,MS63,1888,10-cent,1.0,1.0,0.0,1.0,0.8098303218617569,0.0
12f4_g6_9-ms67_1948_25-cent_thn.jpg,67,MS67,1948,25-cent,1.0,1.0,0.0,1.0,1.0,0.0
12a4_g5a_9-ms66r_1918_1-cent_thn.jpg,66,MS66R,1918,1-cent,1.0,1.0,0.0,1.0,0.8021456543715388,0.0
12d2_e7_9-ms66_1909_10-cent_thn.jpg,66,MS66,1909,10-cent,1.0,1.0,0.0,1.0,1.0,0.0
12a4_g5a_9-ms67_1911_1-cent_thn.jpg,67,MS67,1911,1-cent,1.0,1.0,0.0,1.0,1.0,0.0
12f4_g6_7-ef40_1937_25-cent_thn.jpg,40,EF40,1937,25-cent,0.7275224855621928,1.0,0.0,0.88,0.5897178695608168,0.0
12g1_vd_7-ef40_1870_50-cent_thn.jpg,40,EF40,1870,50-cent,1.0,1.0,0.0,1.0,1.0,0.0
12g2_e7_8-au58_1903h_50-cent_thn.jpg,58,AU58,1903h,50-cent,1.0,1.0,0.0,1.0,0.9161462231276075,0.0
12g4_g6_9-ms65_1952_50-cent_thn.jpg,65,MS65,1952,50-cent,1.0,1.0,0.0,1.0,1.0,0.0
12a4_g5a_9-ms60_1912_1-cent_thn.jpg,60,MS60,1912,1-cent,1.0,1.0,0.0,1.0,0.9158968681352996,0.0
12f3_g5_8-au53_1921_25-cent_thn.jpg,53,AU53,1921,25-cent,1.0,1.0,0.0,1.0,1.0,0.0
12d2_e7_8-au55_1909_10-cent_thn.jpg,55,AU55,1909,10-cent,1.0,1.0,0.0,1.0,1.0,0.0
12f3_g5_6-vf30_1934_25-cent_thn.jpg,30,VF30,1934,25-cent,1.0,1.0,0.0,1.0,1.0,0.0
12g1_vd_9-ms63_1901_50-cent_thn.jpg,63,MS63,1901,50-cent,1.0,1.0,0.0,1.0,1.0,0.0
12d3_g5_7-ef45_1919_10-cent_thn.jpg,45,EF45,1919,10-cent,1.0,1.0,0.0,1.0,1.0,0.0
12f1_vd_6-vf35_1875h_25-cent_thn.jpg,35,VF35,1875h,25-cent,1.0,1.0,0.0,1.0,1.0,0.0
12d2_e7_6-vf30_1908_10-cent_thn.jpg,30,VF30,1908,10-cent,0.6009893343029948,0.860446822758851,0.0,1.0,0.2371525790730182,0.0
12d1_vl_6-vf30_1858_10-cent_thn.jpg,30,VF30,1858,10-cent,1.0,1.0,0.0,1.0,1.0,0.0
12h2_g5_1-f2_1936_1-dollar_thn.jpg,2,F2,1936,1-dollar,0.5617045318912902,0.31575596482397417,0.0714285714285714,1.0,0.0,0.0
12g1_vd_6-vf30_1899_50-cent_thn.jpg,30,VF30,1899,50-cent,1.0,1.0,0.0,1.0,0.7680520263323405,0.0
12d1_vl_4-vg10_1875h_10-cent_thn.jpg,10,VG10,1875h,10-cent,1.0,1.0,0.0,1.0,0.7916274074232754,0.0
12a4_g5a_8-au50_1912_1-cent_obv_c&c_thn.jpg,50,AU50,1912,1-cent,0.6699645553653535,1.0,0.0,0.7377826200483775,0.7999241280764313,1.0
12g1_vd_3-g4_1894_50-cent_thn.jpg,4,G4,1894,50-cent,1.0,1.0,0.0,1.0,1.0,0.0
12c1_vl_8-au55_1871_5-cent_thn.jpg,55,AU55,1871,5-cent,1.0,1.0,0.0,1.0,1.0,0.0
12f3_g5_5-f12_1915_25-cent_thn.jpg,12,F12,1915,25-cent,1.0,1.0,0.0,1.0,1.0,0.0
12h2_g5_6-vf30_1936_1-dollar_obv_c&c.jpg,30,VF30,1936,1-dollar,0.0,0.42774385926240394,0.1071428571428571,0.4154731659361809,0.0,1.0
12d4_g6_9-ms63_1948_10-cent_thn.jpg,63,MS63,1948,10-cent,0.672506189866558,0.9438547667032967,0.0,1.0,0.3123671122073663,0.0
12d2_e7_9-ms63_1908_10-cent_thn.jpg,63,MS63,1908,10-cent,1.0,1.0,0.0,1.0,1.0,0.0
12h3_g6_2-ag3_1951_1-dollar_thn.jpg,3,AG3,1951,1-dollar,0.5873455145669659,0.49779547764562315,0.0357142857142857,0.9475,0.0,0.0
12g2_e7_9-ms67_1903_50-cent_thn.jpg,67,MS67,1903,50-cent,1.0,1.0,0.0,1.0,1.0,0.0
12c1_vl_6-vf35_1886_5-cent_thn.jpg,35,VF35,1886,5-cent,1.0,1.0,0.0,1.0,0.9149221168017321,0.0
12c3_g5a_8-au58_1920_5-cent_thn.jpg,58,AU58,1920,5-cent,0.7264061954091661,1.0,0.0,1.0,0.6053138908978967,0.0
12h1_g5_9-ms63_1935_1-dollar_thn.jpg,63,MS63,1935,1-dollar,1.0,1.0,0.0,1.0,1.0,0.0
12f3_g5_9-ms61_1930_25-cent_thn.jpg,61,MS61,1930,25-cent,0.8522912875550831,1.0,0.0,1.0,0.6782615604658087,0.0
12f4_g6_3-g4_1937_25-cent_thn.jpg,4,G4,1937,25-cent,0.8661394375894079,0.9380229645007835,0.0,1.0,0.37923958741722974,0.0
12g2_e7_6-vf35_1909_50-cent_thn.jpg,35,VF35,1909,50-cent,1.0,1.0,0.0,1.0,0.9356865870702863,0.0
12g1_vd_6-vf25_1888_50-cent_thn.jpg,25,VF25,1888,50-cent,1.0,1.0,0.0,1.0,1.0,0.0
12h1_g5_7-ef40_1935_1-dollar_thn.jpg,40,EF40,1935,1-dollar,0.96518817700486,1.0,0.0,1.0,0.43572982749281597,0.0
12g1_vd_7-ef45_1892_50-cent_thn.jpg,45,EF45,1892,50-cent,1.0,1.0,0.0,1.0,1.0,0.0
12d3_g5_9-ms64_1911_10-cent_thn.jpg,64,MS64,1911,10-cent,1.0,1.0,0.0,1.0,1.0,0.0
12f4_g6_9-ms63_1938_25-cent_thn.jpg,63,MS63,1938,25-cent,1.0,1.0,0.0,1.0,0.7833760240414482,0.0
12f1_vd_8-au55_1871h_25-cent_thn.jpg,55,AU55,1871h,25-cent,1.0,1.0,0.0,1.0,1.0,0.0
12d4_g6_9-ms62_1938_10-cent_thn.jpg,62,MS62,1938,10-cent,0.595343596687895,0.8827322106415554,0.0,0.9775,0.31864632428639417,0.0
12c3_g5b_5-f12_1932_5-cent_thn.jpg,12,F12,1932,5-cent,1.0,1.0,0.0,0.9924999999999999,1.0,0.0
12d4_g6_8-au53_1939_10-cent_thn.jpg,53,AU53,1939,10-cent,1.0,1.0,0.0,1.0,1.0,0.0
12c3_g5b_8-au50_1925_5-cent_thn.jpg,50,AU50,1925,5-cent,1.0,1.0,0.0,1.0,0.8554622854541144,0.0
12c2_e7_7-ef40_1910_5-cent_thn.jpg,40,EF40,1910,5-cent,0.4868542182910335,0.6781313537937383,0.0,0.5425,0.09599498479104564,0.0
12f3_g5_1a-p1_1912_25-cent_thn.jpg,1,P1,1912,25-cent,0.8404531181934424,0.7548242762105446,0.0,1.0,0.0,0.0
12h3_g6_9_ms66_1950_1-dollar_thn.jpg,66,MS66,1950,1-dollar,1.0,1.0,0.0,0.7975,0.6462534469077317,0.0
12g4_g6_6-vf20_1947_50-cent_thn.jpg,20,VF20,1947,50-cent,1.0,1.0,0.0,1.0,1.0,0.0
12h2_g5_1a-p1_1936_1-dollar_thn.jpg,1,P1,1936,1-dollar,0.7621749513203449,0.39962507752119,0.25,0.91,0.0,0.0
12d2_e7_9-ms64_1906_10-cent_thn.jpg,64,MS64,1906,10-cent,1.0,1.0,0.0,1.0,0.9911794071766408,0.0
12h2_g5_2-ag3_1936_1-dollar_thn.jpg,3,AG3,1936,1-dollar,0.9575765347526122,0.43998679029608334,0.0,1.0,0.0,0.0
12h1_g5_9-ms66_1935_1-dollar_thn.jpg,66,MS66,1935,1-dollar,1.0,1.0,0.0,1.0,1.0,0.0
12c3_g5a_8-au55_1915_5-cent_thn.jpg,55,AU55,1915,5-cent,1.0,1.0,0.0,1.0,1.0,0.0
12g2_e7_2-ag3_1904_50-cent_thn.jpg,3,AG3,1904,50-cent,1.0,1.0,0.0,1.0,1.0,0.0
12f1_vd_4-vg08_1880h_25-cent_thn.jpg,8,VG08,1880h,25-cent,0.9131259112146591,1.0,0.0,1.0,0.9154661640576766,0.0
12h1_g5_9-ms61_1935_1-dollar_thn.jpg,61,MS61,1935,1-dollar,1.0,1.0,0.0,1.0,1.0,0.0
12f1_vd_1-f2_1886_25-cent_thn.jpg,2,F2,1886,25-cent,0.4790288611312382,0.28886128440420683,0.0,1.0,0.0,0.0
12b1_g5b_9-ms65_1930_1-cent_thn.jpg,65,MS65,1930,1-cent,1.0,1.0,0.0,1.0,1.0,0.0
12g4_g6_5-f12_1948_50-cent_thn.jpg,12,F12,1948,50-cent,1.0,1.0,0.0,1.0,1.0,0.0
12a4_g5a_4-vg08_1917_1-cent_thn.jpg,8,VG08,1917,1-cent,1.0,1.0,0.0,1.0,0.6090768844181805,0.0
12c2_e7_9-ms60_1902_5-cent_thn.jpg,60,MS60,1902,5-cent,0.4999525032247032,0.4540472481091881,0.0,1.0,0.0,0.0
12a3_e7_9-ms64r_1902_1-cent_thn.jpg,64,MS64R,1902,1-cent,1.0,1.0,0.0,1.0,1.0,0.0
12c2_e7_9-ms62_1909_5-cent_thn.jpg,62,MS62,1909,5-cent,1.0,1.0,0.0,1.0,1.0,0.0
12c2_e7_6-vf20_1910_5-cent_thn.jpg,20,VF20,1910,5-cent,0.5820648560194605,0.7473553648522084,0.0,1.0,0.06949534969940824,0.0
12c3_g5a_7-ef40_1916_5-cent_thn.jpg,40,EF40,1916,5-cent,0.7587774723896442,0.5707293292017084,0.0,1.0,0.0,0.0
12h1_g5_9-ms65_1935_1-dollar_thn.jpg,65,MS65,1935,1-dollar,1.0,1.0,0.0,0.9175,0.540753616525798,0.0
12b1_g5b_6-vf30_1923_1-cent_thn.jpg,30,VF30,1923,1-cent,0.6086815572129056,0.45119720925046514,0.0,1.0,0.0,0.0
12g2_e7_4-vg10_1905_50-cent_thn.jpg,10,VG10,1905,50-cent,1.0,1.0,0.0,1.0,1.0,0.0
12d4_g6_8-au50_1938_10-cent_thn.jpg,50,AU50,1938,10-cent,1.0,1.0,0.0,0.9924999999999999,1.0,0.0
12g2_e7_5-f15_1909_50-cent_thn.jpg,15,F15,1909,50-cent,0.8673434099491381,0.9318968445599185,0.0,1.0,0.5487556449153174,0.0
12c3_g5a_9-ms60_1912_5-cent_thn.jpg,60,MS60,1912,5-cent,0.8728365429325404,1.0,0.0,1.0,0.7916500760589399,0.0
12d3_g5_5-f15_1917_10-cent_thn.jpg,15,F15,1917,10-cent,0.7761901840520752,0.7822298879663296,0.0,1.0,0.12360538303023667,0.0
12f1_vd_3-g4_1891_25-cent_thn.jpg,4,G4,1891,25-cent,1.0,1.0,0.0,1.0,1.0,0.0
12c1_vl_9-ms65_1887_5-cent_thn.jpg,65,MS65,1887,5-cent,1.0,1.0,0.0,1.0,1.0,0.0
12h3_g6_1a-p1_1939_1-dollar_thn.jpg,1,P1,1939,1-dollar,0.36824873771586525,0.16380019551106906,0.1071428571428571,1.0,0.0,0.0
12c3_g5b_4-vg08_1926_5-cent_thn.jpg,8,VG08,1926,5-cent,1.0,1.0,0.0,1.0,0.6169202323580493,0.0
12g1_vd_8-au55_1871_50-cent_thn.jpg,55,AU55,1871,50-cent,1.0,1.0,0.0,1.0,0.8787429742814128,0.0
12d1_vl_3-g6_1893_10-cent_thn.jpg,6,G6,1893,10-cent,1.0,1.0,0.0,1.0,0.9670373101940967,0.0
12g3_g5_9-ms67_1931_50-cent_thn.jpg,67,MS67,1931,50-cent,1.0,1.0,0.0,1.0,0.48072706928657144,0.0
12a4_g5a_9-ms63b_1915_1-cent_thn.jpg,63,MS63B,1915,1-cent,0.942205082221725,1.0,0.0,1.0,0.8453520739478098,0.0
12a3_e7_9-ms61b_1907_1-cent_thn.jpg,61,MS61B,1907,1-cent,0.8591699233474778,0.7914021698881287,0.0,1.0,0.49147200259147844,0.0
12g2_e7_9-ms65_1904_50-cent_thn.jpg,65,MS65,1904,50-cent,1.0,1.0,0.0,1.0,1.0,0.0
12h3_g6_1-f2_1939_1-dollar_thn.jpg,2,F2,1939,1-dollar,1.0,0.8455901636137854,0.0,0.7749999999999999,0.731102150199433,0.0
12h1_g5_8-au58_1935_1-dollar_thn.jpg,58,AU58,1935,1-dollar,1.0,1.0,0.0,1.0,1.0,0.0
12d4_g6_6-vf20_1943_10-cent_thn.jpg,20,VF20,1943,10-cent,0.6737177533182953,0.6702342713314166,0.0,0.8875,0.2612720074198978,0.0
12c1_vl_6-vf30_1875h_5-cent_thn.jpg,30,VF30,1875h,5-cent,1.0,1.0,0.0,1.0,1.0,0.0
12g1_vd_9-ms60_1870nolcw_50-cent_thn.jpg,60,MS60,1870nolcw,50-cent,0.8573558156277433,1.0,0.0,1.0,0.6135652742797238,0.0
12f1_vd_9-ms65_1901_25-cent_thn.jpg,65,MS65,1901,25-cent,1.0,1.0,0.0,1.0,1.0,0.0
12a2_vd_6-vf20_1896_1-cent_thn.jpg,20,VF20,1896,1-cent,1.0,1.0,0.0,1.0,1.0,0.0
12c4_g6_9-ms61_1947_5-cent_thn.jpg,61,MS61,1947,5-cent,0.5711421415823531,0.7990956781462559,0.0,0.985,0.2027869274058478,0.0
12a3_e7_9-ms63rb_1907h_1-cent_thn.jpg,63,MS63RB,1907h,1-cent,1.0,1.0,0.0,1.0,1.0,0.0
12g2_e7_3-g4_1905_50-cent_thn.jpg,4,G4,1905,50-cent,1.0,1.0,0.0,1.0,1.0,0.0
12d2_e7_9-ms62_1906_10-cent_thn.jpg,62,MS62,1906,10-cent,1.0,1.0,0.0,1.0,1.0,0.0
12c1_vl_9-ms61_1886_5-cent_thn.jpg,61,MS61,1886,5-cent,1.0,1.0,0.0,1.0,1.0,0.0
12h3_g6_7-ef45_1946_1-dollar_thn.jpg,45,EF45,1946,1-dollar,1.0,1.0,0.0,0.9325,0.9505345434304423,0.0
12c3_g5a_9-ms66_1917_5-cent_thn.jpg,66,MS66,1917,5-cent,1.0,1.0,0.0,1.0,1.0,0.0
12a3_e7_9-ms66_1904_1-cent_thn.jpg,66,MS66,1904,1-cent,1.0,1.0,0.0,1.0,1.0,0.0
12f2_e7_9-ms62_1907_25-cent_thn.jpg,62,MS62,1907,25-cent,1.0,1.0,0.0,1.0,1.0,0.0
12f2_e7_9-ms64_1905_25-cent_thn.jpg,64,MS64,1905,25-cent,1.0,1.0,0.0,1.0,0.9327396644339194,0.0
12a2_vd_9-ms66_1887_1-cent_thn.jpg,66,MS66,1887,1-cent,1.0,1.0,0.0,1.0,0.8427451808464083,0.0
12f3_g5_3-g4_1914_25-cent_thn.jpg,4,G4,1914,25-cent,1.0,1.0,0.0,0.73,0.8345618033715743,0.0
12f3_g5_3-g6_1912_25-cent_thn.jpg,6,G6,1912,25-cent,1.0,1.0,0.0,0.9025,1.0,0.0
12d3_g5_8-au58_1913_10-cent_thn.jpg,58,AU58,1913,10-cent,1.0,1.0,0.0,1.0,1.0,0.0
12g3_g5_9-ms62_1916_50-cent_thn.jpg,62,MS62,1916,50-cent,1.0,1.0,0.0,1.0,0.9083482124590675,0.0
12d1_vl_9-ms67_1901_10-cent_thn.jpg,67,MS67,1901,10-cent,1.0,1.0,0.0,1.0,1.0,0.0
12c1_vl_4-vg10_1875h_5-cent_thn.jpg,10,VG10,1875h,5-cent,1.0,1.0,0.0,1.0,1.0,0.0
12c2_e7_4-vg08_1909_5-cent_thn.jpg,8,VG08,1909,5-cent,1.0,1.0,0.0,1.0,1.0,0.0
12f3_g5_9-ms66_1920_25-cent_thn.jpg,66,MS66,1920,25-cent,1.0,1.0,0.0,1.0,1.0,0.0
12c1_vl_5-f12_1884_5-cent_thn.jpg,12,F12,1884,5-cent,1.0,1.0,0.0,1.0,0.9375227465590994,0.0
12f1_vd_6-vf25_1883h_25-cent_thn.jpg,25,VF25,1883h,25-cent,1.0,1.0,0.0,1.0,1.0,0.0
12f3_g5_4-vg08_1921_25-cent_thn.jpg,8,VG08,1921,25-cent,1.0,1.0,0.0,1.0,1.0,0.0
12b1_g5b_7-ef40_1925_1-cent_thn.jpg,40,EF40,1925,1-cent,1.0,1.0,0.0,1.0,0.6844727666378434,0.0
12g2_e7_9-ms60_1905_50-cent_thn.jpg,60,MS60,1905,50-cent,0.9489914121365297,1.0,0.0,1.0,0.8692901532093745,0.0
12h2_g5_9-ms63_1936_1-dollar_thn.jpg,63,MS63,1936,1-dollar,1.0,1.0,0.0,1.0,1.0,0.0
12f4_g6_8-au55_1948_25-cent_thn.jpg,55,AU55,1948,25-cent,0.8702435980024081,1.0,0.0,1.0,0.5982412765706163,0.0
12d1_vl_7-ef45_1870_10-cent_thn.jpg,45,EF45,1870,10-cent,1.0,1.0,0.0,1.0,1.0,0.0
12a2_vd_5-f12_1882h_1-cent_thn.jpg,12,F12,1882h,1-cent,1.0,1.0,0.0,1.0,1.0,0.0
12c1_vl_8-au58_1858_5-cent_thn.jpg,58,AU58,1858,5-cent,1.0,1.0,0.0,1.0,1.0,0.0
12f3_g5_9-ms67_1918_25-cent_thn.jpg,67,MS67,1918,25-cent,1.0,1.0,0.0,1.0,1.0,0.0
12g4_g6_7-ef40_1947_50-cent_thn.jpg,40,EF40,1947,50-cent,1.0,1.0,0.0,1.0,1.0,0.0
12f2_e7_9-ms61_1910_25-cent_thn.jpg,61,MS61,1910,25-cent,0.8596554598440875,1.0,0.0,1.0,0.6877370501735114,0.0
12g2_e7_9-ms64_1906_50-cent_thn.jpg,64,MS64,1906,50-cent,1.0,1.0,0.0,1.0,1.0,0.0
12d4_g6_3-g6_1938_10-cent_thn.jpg,6,G6,1938,10-cent,0.7395135431850588,0.5767748177911081,0.0714285714285714,0.7975,0.22536488852755088,0.0
12h2_g5_9-ms66_1936_1-dollar_thn.jpg,66,MS66,1936,1-dollar,0.864212609598799,1.0,0.0,1.0,0.4907239376145546,0.0
12g1_vd_4-vg08_1870_50-cent_thn.jpg,8,VG08,1870,50-cent,1.0,1.0,0.0,1.0,1.0,0.0
12h2_g5_8-au58_1936_1-dollar_thn.jpg,58,AU58,1936,1-dollar,1.0,1.0,0.0,1.0,0.7757820310938874,0.0
12h3_g6_9_ms65_1951_1-dollar_thn.jpg,65,MS65,1951,1-dollar,1.0,1.0,0.0,1.0,0.6163081791951116,0.0
12c2_e7_2-ag3_1905_5-cent_obv_c&c_thn.jpg,3,AG3,1905,5-cent,0.4217922014839656,0.550498044955837,0.4285714285714286,0.28614017448555584,0.0,1.0
12c4_g6_9-ms62_1938_5-cent_thn.jpg,62,MS62,1938,5-cent,0.8281218502252143,1.0,0.0,1.0,0.4975018596781983,0.0
12a3_e7_9-ms60b_1909_1-cent_thn.jpg,60,MS60B,1909,1-cent,1.0,1.0,0.0,1.0,1.0,0.0
12d2_e7_6-vf20_1905_10-cent_thn.jpg,20,VF20,1905,10-cent,1.0,1.0,0.0,1.0,1.0,0.0
12d1_vl_2-ag3_1893_10-cent_thn.jpg,3,AG3,1893,10-cent,1.0,1.0,0.0,1.0,1.0,0.0
12f2_e7_9-ms63_1902_25-cent_thn.jpg,63,MS63,1902,25-cent,0.9079002229282798,1.0,0.0,1.0,0.5820785393419273,0.0
12c3_g5b_9-ms61_1933_5-cent_thn.jpg,61,MS61,1933,5-cent,1.0,1.0,0.0,1.0,1.0,0.0
12g1_vd_8-au50_1870_50-cent_thn.jpg,50,AU50,1870,50-cent,0.845672422495283,1.0,0.0,1.0,0.6915680496007882,0.0
12g3_g5_4-vg08_1921_50-cent_thn.jpg,8,VG08,1921,50-cent,1.0,1.0,0.0,1.0,1.0,0.0
12a4_g5a_8-au55_1916_1-cent_thn.jpg,55,AU55,1916,1-cent,1.0,0.8758045671673128,0.0,1.0,0.7835573731267631,0.0
12a2_vd_9-ms62_1888_1-cent_thn.jpg,62,MS62,1888,1-cent,1.0,1.0,0.0,1.0,1.0,0.0
12f4_g6_9-ms66_1945_25-cent_thn.jpg,66,MS66,1945,25-cent,1.0,1.0,0.0,1.0,0.6821378971644144,0.0
12d4_g6_8-au55_1939_10-cent_thn.jpg,55,AU55,1939,10-cent,1.0,1.0,0.0,1.0,1.0,0.0
12a4_g5a_6-vf20_1916_1-cent_thn.jpg,20,VF20,1916,1-cent,1.0,1.0,0.0,1.0,0.5090628638670222,0.0
12b2_g6_5-f12_1949_1-cent_thn.jpg,12,F12,1949,1-cent,0.6259455733384658,0.6829945153383848,0.0,1.0,0.0,0.0
12h1_g5_1a-p1_1935_1-dollar_thn.jpg,1,P1,1935,1-dollar,0.03577719664996398,0.3906414676396183,0.1785714285714286,0.8200000000000001,0.0,0.0
12g2_e7_7-ef40_1907_50-cent_thn.jpg,40,EF40,1907,50-cent,1.0,1.0,0.0,1.0,1.0,0.0
12g3_g5_6-vf20_1916_50-cent_thn.jpg,20,VF20,1916,50-cent,1.0,1.0,0.0,1.0,0.82336349735338,0.0
12c1_vl_9-ms64_1875h_5-cent_thn.jpg,64,MS64,1875h,5-cent,1.0,1.0,0.0,1.0,0.9749940013122873,0.0
12c1_vl_7-ef45_1892_5-cent_thn.jpg,45,EF45,1892,5-cent,1.0,1.0,0.0,1.0,0.9642490680073805,0.0
12h3_g6_6-vf30_1950_1-dollar_thn.jpg,30,VF30,1950,1-dollar,0.5581776183893424,0.5606889962288212,0.0,1.0,0.0,0.0
12d1_vl_9-ms60_1886_10-cent_thn.jpg,60,MS60,1886,10-cent,1.0,1.0,0.0,1.0,1.0,0.0
12g3_g5_4-vg10_1932_50-cent_thn.jpg,10,VG10,1932,50-cent,1.0,1.0,0.0,1.0,1.0,0.0
12g2_e7_6-vf30_1910_50-cent_thn.jpg,30,VF30,1910,50-cent,1.0,1.0,0.0,1.0,1.0,0.0
12c3_g5b_9-ms60_1931_5-cent_thn.jpg,60,MS60,1931,5-cent,1.0,1.0,0.0,1.0,1.0,0.0
12g4_g6_8-au53_1946_50-cent_thn.jpg,53,AU53,1946,50-cent,1.0,1.0,0.0,1.0,1.0,0.0
12d3_g5_6-vf20_1913_10-cent_thn.jpg,20,VF20,1913,10-cent,0.6072118202187243,0.8172092584483627,0.0,1.0,0.3774260965640809,0.0
12b1_g5b_9-ms63_1934_1-cent_thn.jpg,63,MS63,1934,1-cent,1.0,1.0,0.0,1.0,1.0,0.0
12c3_g5b_4-vg10_1926_5-cent_thn.jpg,10,VG10,1926,5-cent,1.0,1.0,0.0,1.0,0.9900459753934227,0.0
12b2_g6_3-g4_1943_1-cent_obv_c&c_thn.jpg,4,G4,1943,1-cent,0.9283617358986864,0.9641922288674342,0.0,0.6380778227396832,0.9645437602710171,1.0
12d2_e7_7-ef40_1909_10-cent_thn.jpg,40,EF40,1909,10-cent,1.0,1.0,0.0,0.8724999999999999,0.7352731791616752,0.0
12c1_vl_9-ms63_1899_5-cent_thn.jpg,63,MS63,1899,5-cent,1.0,1.0,0.0,1.0,1.0,0.0
12c3_g5a_2-fr2_1921_5-cent_thn.jpg,2,FR2,1921,5-cent,0.693985607754238,0.4507983102542722,0.25,0.595,0.0,0.0
12g1_vd_9-ms66_1872h_50-cent_thn.jpg,66,MS66,1872h,50-cent,1.0,1.0,0.0,1.0,1.0,0.0
12h2_g5_7-ef45_1936_1-dollar_thn.jpg,45,EF45,1936,1-dollar,1.0,1.0,0.0,1.0,1.0,0.0
12g1_vd_9-ms62_1870_50-cent_thn.jpg,62,MS62,1870,50-cent,1.0,1.0,0.0,1.0,0.9023863612793406,0.0
12c2_e7_8-au55_1906_5-cent_thn.jpg,55,AU55,1906,5-cent,1.0,1.0,0.0,1.0,1.0,0.0
12g1_vd_6-vf35_1871_50-cent_thn.jpg,35,VF35,1871,50-cent,1.0,1.0,0.0,1.0,0.7343210964637722,0.0
12a4_g5a_9-ms64_1915_1-cent_thn.jpg,64,MS64,1915,1-cent,1.0,1.0,0.0,1.0,1.0,0.0
12a4_g5a_7-ef40_1918_1-cent_thn.jpg,40,EF40,1918,1-cent,0.6265162280753656,0.6447191055188967,0.0,1.0,0.05378598518400641,0.0
12a3_e7_9-ms65rb_1902_1-cent_thn.jpg,65,MS65RB,1902,1-cent,1.0,1.0,0.0,1.0,0.7348878123553811,0.0
12a2_vd_8-au55_1884_1-cent_thn.jpg,55,AU55,1884,1-cent,1.0,1.0,0.0,1.0,1.0,0.0
12f1_vd_6-vf30_1880h_25-cent_thn.jpg,30,VF30,1880h,25-cent,1.0,1.0,0.0,1.0,1.0,0.0
12h1_g5_8-au50_1935_1-dollar_thn.jpg,50,AU50,1935,1-dollar,0.8194594583640236,0.775256739669973,0.0,1.0,0.330456683467526,0.0
12h3_g6_6-vf20_1937_1-dollar_thn.jpg,20,VF20,1937,1-dollar,0.9522612655885478,0.8421264749316996,0.0,1.0,0.3604699570871392,0.0
12d1_vl_1-fr2_1888_10-cent_thn.jpg,2,FR2,1888,10-cent,0.6403736313785193,0.6121642638923095,0.0,1.0,0.1909085623177229,0.0
12h3_g6_9_ms67_1950_1-dollar_thn.jpg,67,MS67,1950,1-dollar,1.0,1.0,0.0,1.0,0.8160188593981273,0.0
12h3_g6_9_ms61_1948_1-dollar_thn.jpg,61,MS61,1948,1-dollar,1.0,1.0,0.0,1.0,0.5422724151153102,0.0
12b1_g5b_8-au50_1925_1-cent_thn.jpg,50,AU50,1925,1-cent,0.7724973260311807,0.651152050371443,0.0,1.0,0.0,0.0
12d1_vl_1a-p1_1890_10-cent_thn.jpg,1,P1,1890,10-cent,0.5678061786962324,0.4765758605966428,0.0357142857142857,0.925,0.0,0.0
12c2_e7_9-ms66_1902h_5-cent_thn.jpg,66,MS66,1902h,5-cent,1.0,1.0,0.0,1.0,1.0,0.0
12f4_g6_8-au58_1948_25-cent_thn.jpg,58,AU58,1948,25-cent,0.8204553358098079,1.0,0.0,1.0,0.6037270864013915,0.0
12f4_g6_8-au50_1938_25-cent_thn.jpg,50,AU50,1938,25-cent,0.5552094216637204,0.6822078939689745,0.0,1.0,0.0,0.0
12f3_g5_8-au55_1929_25-cent_thn.jpg,55,AU55,1929,25-cent,1.0,1.0,0.0,1.0,1.0,0.0
12g3_g5_9-ms65_1911_50-cent_thn.jpg,65,MS65,1911,50-cent,1.0,1.0,0.0,1.0,1.0,0.0
12b1_g5b_2-ag3_1922_1-cent_obv_c&c_thn.jpg,3,AG3,1922,1-cent,0.0,0.24706071447626807,0.75,0.06266483806783459,0.0,1.0
12f1_vd_9-ms64_1880h_25-cent_thn.jpg,64,MS64,1880h,25-cent,1.0,1.0,0.0,0.9475,0.9546148978500273,0.0
12d4_g6_9-ms65_1946_10-cent_thn.jpg,65,MS65,1946,10-cent,1.0,1.0,0.0,1.0,1.0,0.0
12d3_g5_9-ms63_1921_10-cent_thn.jpg,63,MS63,1921,10-cent,1.0,1.0,0.0,1.0,1.0,0.0
12d3_g5_3-g4_1913_10-cent_thn.jpg,4,G4,1913,10-cent,1.0,1.0,0.0,1.0,0.9793463793598446,0.0
12c3_g5b_9-ms62_1932_5-cent_thn.jpg,62,MS62,1932,5-cent,1.0,1.0,0.0,1.0,1.0,0.0
12b1_g5b_3-g6_1923_1-cent_thn.jpg,6,G6,1923,1-cent,0.7743247620224799,0.5212887391398817,0.0,1.0,0.0,0.0
12d3_g5_8-au55_1935_10-cent_thn.jpg,55,AU55,1935,10-cent,1.0,1.0,0.0,1.0,1.0,0.0
12c4_g6_9-ms65_1938_5-cent_thn.jpg,65,MS65,1938,5-cent,1.0,1.0,0.0,1.0,1.0,0.0
12g4_g6_6-vf30_1949_50-cent_thn.jpg,30,VF30,1949,50-cent,1.0,1.0,0.0,1.0,1.0,0.0
12g4_g6_5-f15_1947_50-cent_thn.jpg,15,F15,1947,50-cent,1.0,1.0,0.0,1.0,0.6721183602007671,0.0
12h3_g6_7-ef40_1938_1-dollar_thn.jpg,40,EF40,1938,1-dollar,1.0,1.0,0.0,1.0,1.0,0.0
12c3_g5b_9-ms64_1928_5-cent_thn.jpg,64,MS64,1928,5-cent,1.0,1.0,0.0,1.0,1.0,0.0
12f2_e7_4-vg10_1906_25-cent_thn.jpg,10,VG10,1906,25-cent,1.0,1.0,0.0,1.0,1.0,0.0
12f3_g5_9-ms65_1913_25-cent_thn.jpg,65,MS65,1913,25-cent,1.0,1.0,0.0,1.0,1.0,0.0
12g1_vd_9-ms65_1892_50-cent_thn.jpg,65,MS65,1892,50-cent,1.0,1.0,0.0,1.0,0.9137433477471852,0.0
12h2_g5_9-ms60_1936_1-dollar_thn.jpg,60,MS60,1936,1-dollar,0.9666361935706463,0.94796829617838,0.0,1.0,0.40675931111376334,0.0
12c3_g5b_5-f15_1932_5-cent_thn.jpg,15,F15,1932,5-cent,1.0,1.0,0.0,1.0,1.0,0.0
12h2_g5_3-g4_1936_1-dollar_thn.jpg,4,G4,1936,1-dollar,0.574921146299748,0.5453996421085657,0.0,1.0,0.0,0.0
12c3_g5a_4-vg10_1921_5-cent_thn.jpg,10,VG10,1921,5-cent,0.9296132340793958,1.0,0.0,1.0,1.0,0.0
12g4_g6_9-ms64_1947_50-cent_thn.jpg,64,MS64,1947,50-cent,1.0,1.0,0.0,1.0,0.8635549883862912,0.0
12g4_g6_9-ms63_1947ml_50-cent_thn.jpg,63,MS63,1947ml,50-cent,1.0,1.0,0.0,1.0,0.9640903875577298,0.0
12f4_g6_9-ms61_1938_25-cent_thn.jpg,61,MS61,1938,25-cent,0.6393953917811737,0.8520430667216451,0.0,0.955,0.3308193816381558,0.0
12g4_g6_9-ms62_1938_50-cent_thn.jpg,62,MS62,1938,50-cent,1.0,1.0,0.0,1.0,1.0,0.0
12a4_g5a_9-ms65_1918_1-cent_thn.jpg,65,MS65,1918,1-cent,1.0,1.0,0.0,1.0,1.0,0.0
12h3_g6_3-g6_1939_1-dollar_thn.jpg,6,G6,1939,1-dollar,0.6542578433590135,0.5322016470350615,0.0,1.0,0.0,0.0
12d1_vl_5-f15_1889_10-cent_thn.jpg,15,F15,1889,10-cent,1.0,1.0,0.0,0.8049999999999999,1.0,0.0
12c3_g5a_3-g4_1921_5-cent_thn.jpg,4,G4,1921,5-cent,0.9525303023702688,1.0,0.0,1.0,1.0,0.0
12g1_vd_1a-p1_1892_50-cent_thn.jpg,1,P1,1892,50-cent,0.5691938316210656,0.5682755282384697,0.0,1.0,0.0,0.0
12c1_vl_1-fr2_1870_5-cent_thn.jpg,2,FR2,1870,5-cent,0.5481322446275124,0.7886112074651327,0.0,1.0,0.07479981044486855,0.0
12a2_vd_9-ms63_1876h_1-cent_thn.jpg,63,MS63,1876h,1-cent,1.0,1.0,0.0,1.0,1.0,0.0
12d2_e7_4-vg08_1903_10-cent_thn.jpg,8,VG08,1903,10-cent,0.8367682037616148,0.8732068006557484,0.0,1.0,0.5335903276558602,0.0
12f3_g5_5-f15_1936_25-cent_thn.jpg,15,F15,1936,25-cent,0.7260347099670325,0.8753910321172237,0.0,1.0,0.5118737746894029,0.0
12f1_vd_8-au50_1874h_25-cent_thn.jpg,50,AU50,1874h,25-cent,1.0,1.0,0.0,1.0,1.0,0.0
12f1_vd_8-au58_1872_25-cent_thn.jpg,58,AU58,1872,25-cent,1.0,1.0,0.0,1.0,1.0,0.0
12c3_g5a_9-ms65_1918_5-cent_thn.jpg,65,MS65,1918,5-cent,1.0,1.0,0.0,1.0,1.0,0.0
12c2_e7_5-f15_1903_5-cent_thn.jpg,15,F15,1903,5-cent,0.8616570407953547,0.9826264718049061,0.0,1.0,0.02302464658746925,0.0
12a2_vd_4-vg10_1897_1-cent_thn.jpg,10,VG10,1897,1-cent,0.98004713361625,0.9698385523505703,0.0,1.0,0.4680326333145297,0.0
12d2_e7_2-ag3_1910_10-cent_thn.jpg,3,AG3,1910,10-cent,0.9757779456467303,1.0,0.0,1.0,0.5773634631237402,0.0
12a3_e7_4-vg08_1906_1-cent_thn.jpg,8,VG08,1906,1-cent,0.7375127155229888,0.4809746600676692,0.0,1.0,0.0,0.0
12f4_g6_9-ms64_1941_25-cent_thn.jpg,64,MS64,1941,25-cent,1.0,1.0,0.0,1.0,1.0,0.0
12f2_e7_6-vf30_1902_25-cent_thn.jpg,30,VF30,1902,25-cent,1.0,1.0,0.0,1.0,0.5822598884272422,0.0
12b1_g5b_8-au55_1925_1-cent_thn.jpg,55,AU55,1925,1-cent,0.7237732847966951,0.5199688331885028,0.0,1.0,0.00042401683010187026,0.0
12f2_e7_6-vf20_1905_25-cent_thn.jpg,20,VF20,1905,25-cent,0.6407718092090059,0.7403593310897594,0.0,1.0,0.18188644532330742,0.0
12f3_g5_9-ms63_1920_25-cent_thn.jpg,63,MS63,1920,25-cent,1.0,1.0,0.0,1.0,1.0,0.0
12b1_g5b_9-ms62_1925_1-cent_thn.jpg,62,MS62,1925,1-cent,1.0,1.0,0.0,1.0,1.0,0.0
12h2_g5_8-au55_1936_1-dollar_thn.jpg,55,AU55,1936,1-dollar,1.0,1.0,0.0,1.0,1.0,0.0
12c4_g6_9-ms64_1942_5-cent_thn.jpg,64,MS64,1942,5-cent,1.0,1.0,0.0,1.0,0.919637193019919,0.0
12d2_e7_1-fr2_1909_10-cent_thn.jpg,2,FR2,1909,10-cent,0.5488248026745493,0.42394620744583966,0.2142857142857143,0.8200000000000001,0.0,0.0
12g4_g6_9-ms66_1949_50-cent_thn.jpg,66,MS66,1949,50-cent,1.0,1.0,0.0,1.0,0.7340037355644712,0.0
12g4_g6_9-ms61_1948_50-cent_thn.jpg,61,MS61,1948,50-cent,1.0,1.0,0.0,1.0,1.0,0.0
12h3_g6_8-au50_1948_1-dollar_thn.jpg,50,AU50,1948,1-dollar,1.0,1.0,0.0,1.0,0.9725004513892076,0.0
12f2_e7_7-ef40_1910_25-cent_thn.jpg,40,EF40,1910,25-cent,1.0,1.0,0.0,1.0,0.8918454456954132,0.0
12g1_vd_5-f15_1871_50-cent_thn.jpg,15,F15,1871,50-cent,1.0,1.0,0.0,1.0,1.0,0.0
12c3_g5a_6-vf20_1921_5-cent_thn.jpg,20,VF20,1921,5-cent,1.0,1.0,0.0,1.0,1.0,0.0
12d2_e7_4-vg10_1905_10-cent_thn.jpg,10,VG10,1905,10-cent,1.0,1.0,0.0,1.0,1.0,0.0
12g3_g5_8-au50_1919_50-cent_thn.jpg,50,AU50,1919,50-cent,1.0,1.0,0.0,1.0,1.0,0.0
12b2_g6_5-f15_1949_1-cent_thn.jpg,15,F15,1949,1-cent,0.5276141217051608,0.43271666316066654,0.0,1.0,0.0,0.0
12c3_g5b_9-ms67_1931_5-cent_thn.jpg,67,MS67,1931,5-cent,0.9657056316935216,1.0,0.0,0.9025,0.46046130900263327,0.0
12d1_vl_8-au55_1871_10-cent_thn.jpg,55,AU55,1871,10-cent,1.0,1.0,0.0,1.0,1.0,0.0
12b1_g5b_4-vg10_1922_1-cent_thn.jpg,10,VG10,1922,1-cent,1.0,1.0,0.0,1.0,1.0,0.0
12g4_g6_4-vg08_1946_50-cent_thn.jpg,8,VG08,1946,50-cent,1.0,1.0,0.0,1.0,1.0,0.0
12g4_g6_8-au58_1943_50-cent_thn.jpg,58,AU58,1943,50-cent,1.0,1.0,0.0,1.0,1.0,0.0
12g2_e7_8-au50_1905_50-cent_thn.jpg,50,AU50,1905,50-cent,1.0,1.0,0.0,1.0,1.0,0.0
12d3_g5_9-ms62_1921_10-cent_thn.jpg,62,MS62,1921,10-cent,1.0,1.0,0.0,1.0,1.0,0.0
12c2_e7_9-ms61_1910_5-cent_thn.jpg,61,MS61,1910,5-cent,1.0,1.0,0.0,1.0,0.9901593185717446,0.0
12d3_g5_4-vg10_1913_10-cent_thn.jpg,10,VG10,1913,10-cent,1.0,1.0,0.0,1.0,0.9715257000556402,0.0
12f3_g5_2-ag3_1912_25-cent_thn.jpg,3,AG3,1912,25-cent,1.0,1.0,0.0,1.0,0.32079984467450834,0.0
12f4_g6_2-ag3_1937_25-cent_thn.jpg,3,AG3,1937,25-cent,0.713183055501825,0.8391617426324433,0.0,0.985,0.2338202896303573,0.0
12b2_g6_6-vf20_1949_1-cent_thn.jpg,20,VF20,1949,1-cent,0.4604226197054598,0.4737918170354885,0.0,1.0,0.0,0.0
12f4_g6_5-f12_1947dot_25-cent_thn.jpg,12,F12,1947dot,25-cent,0.45665627111424356,0.4044118654755048,0.0,0.8575,0.0,0.0
12c2_e7_6-vf35_1902_5-cent_thn.jpg,35,VF35,1902,5-cent,0.7150191889569713,0.9466550429787723,0.0,1.0,0.6372993358203094,0.0
12g1_vd_9-ms64_1894_50-cent_thn.jpg,64,MS64,1894,50-cent,1.0,1.0,0.0,1.0,0.886314298593309,0.0
12g2_e7_9-ms63_1906_50-cent_thn.jpg,63,MS63,1906,50-cent,0.9598531037874986,1.0,0.0,0.97,0.5468288108838467,0.0
12h1_g5_1-f2_1935_1-dollar_thn.jpg,2,F2,1935,1-dollar,0.542494138001488,0.26145460820813854,0.0,1.0,0.0,0.0
12h1_g5_3-g4_1935_1-dollar_thn.jpg,4,G4,1935,1-dollar,0.558698763972692,0.6296737743336038,0.0,1.0,0.0006960404580741635,0.0
12d3_g5_9-ms66_1919_10-cent_thn.jpg,66,MS66,1919,10-cent,1.0,1.0,0.0,1.0,1.0,0.0
12g1_vd_4-vg10_1890h_50-cent_thn.jpg,10,VG10,1890h,50-cent,1.0,1.0,0.0,1.0,1.0,0.0
12f2_e7_2-ag3_1906_25-cent_thn.jpg,3,AG3,1906,25-cent,1.0,1.0,0.0,0.9924999999999999,0.8618775093471286,0.0
12g3_g5_7-ef45_1911_50-cent_thn.jpg,45,EF45,1911,50-cent,1.0,1.0,0.0,1.0,1.0,0.0
12a2_vd_5-f15_1891_1-cent_thn.jpg,15,F15,1891,1-cent,1.0,0.8076423352915043,0.0,1.0,0.3758846293389044,0.0
12c4_g6_7-ef40_1951hr_5-cent_thn.jpg,40,EF40,1951hr,5-cent,0.7601718743310698,1.0,0.0,1.0,0.5626515185775703,0.0
12g1_vd_5-f12_1888_50-cent_thn.jpg,12,F12,1888,50-cent,1.0,1.0,0.0,1.0,0.8866089908569459,0.0
12g2_e7_9-ms61_1906_50-cent_thn.jpg,61,MS61,1906,50-cent,1.0,1.0,0.0,0.8200000000000001,0.8575477999352358,0.0
12f4_g6_9-ms60_1947_25-cent_thn.jpg,60,MS60,1947,25-cent,0.969590225195735,1.0,0.0,1.0,1.0,0.0
12c3_g5b_8-au55_1926_5-cent_thn.jpg,55,AU55,1926,5-cent,1.0,1.0,0.0,1.0,1.0,0.0
12h3_g6_3-g4_1948_1-dollar_thn.jpg,4,G4,1948,1-dollar,1.0,1.0,0.0,1.0,1.0,0.0
12g2_e7_6-vf25_1904_50-cent_thn.jpg,25,VF25,1904,50-cent,1.0,1.0,0.0,1.0,1.0,0.0
12f1_vd_7-ef45_1885_25-cent_thn.jpg,45,EF45,1885,25-cent,1.0,1.0,0.0,1.0,1.0,0.0
12c3_g5b_6-vf20_1926_5-cent_thn.jpg,20,VF20,1926,5-cent,1.0,1.0,0.0,0.9400000000000001,0.8981926636814339,0.0
12f1_vd_1a-p1_1891_25-cent_thn.jpg,1,P1,1891,25-cent,0.8136004537128338,0.9249175757319325,0.0,0.955,0.6212952790412708,0.0
12g2_e7_7-ef45_1904_50-cent_thn.jpg,45,EF45,1904,50-cent,1.0,1.0,0.0,1.0,1.0,0.0
12f4_g6_4-vg10_1947_25-cent_thn.jpg,10,VG10,1947,25-cent,0.8501105771859515,0.7659008417992925,0.0,1.0,0.06972203605605186,0.0
12f3_g5_4-vg10_1915_25-cent_thn.jpg,10,VG10,1915,25-cent,0.6730702697886417,0.808698792272749,0.0,1.0,0.2012227915450069,0.0
12b1_g5b_9-ms61b_1925_1-cent_thn.jpg,61,MS61B,1925,1-cent,0.5239715406183995,0.6005623970237185,0.0,1.0,0.014342559128019199,0.0
12g3_g5_5-f12_1932_50-cent_thn.jpg,12,F12,1932,50-cent,1.0,1.0,0.0,1.0,1.0,0.0
12f4_g6_3-g6_1949_25-cent_thn.jpg,6,G6,1949,25-cent,0.9783292181937903,1.0,0.0,0.9775,1.0,0.0
12h3_g6_9_ms63_1947ml_1-dollar_thn.jpg,63,MS63,1947ml,1-dollar,1.0,1.0,0.0,1.0,0.7538161231351221,0.0
12c4_g6_9-ms63_1938_5-cent_thn.jpg,63,MS63,1938,5-cent,1.0,1.0,0.0,1.0,1.0,0.0
12c4_g6_6-vf30_1951hr_5-cent_thn.jpg,30,VF30,1951hr,5-cent,1.0,1.0,0.0,1.0,1.0,0.0
12f2_e7_5-f12_1906_25-cent_thn.jpg,12,F12,1906,25-cent,1.0,1.0,0.0,1.0,1.0,0.0
12c1_vl_9-ms66_1900_5-cent_thn.jpg,66,MS66,1900,5-cent,1.0,1.0,0.0,1.0,1.0,0.0
12g3_g5_9-ms64_1911_50-cent_thn.jpg,64,MS64,1911,50-cent,1.0,1.0,0.0,1.0,1.0,0.0
12a3_e7_9-ms62b_1902_1-cent_thn.jpg,62,MS62B,1902,1-cent,0.8833523942982116,1.0,0.0,1.0,1.0,0.0
12c1_vl_3-g6_1884_5-cent_thn.jpg,6,G6,1884,5-cent,1.0,1.0,0.0,1.0,1.0,0.0
12c4_g6_9-ms66_1937d_5-cent_thn.jpg,66,MS66,1937d,5-cent,1.0,1.0,0.0,1.0,1.0,0.0
12b1_g5b_9-ms64_1928_1-cent_thn.jpg,64,MS64,1928,1-cent,1.0,1.0,0.0,1.0,1.0,0.0
12f1_vd_9-ms61_1900_25-cent_thn.jpg,61,MS61,1900,25-cent,0.949149012854667,1.0,0.0,1.0,0.9370013679388192,0.0
12c1_vl_1a-p1_1874_5-cent_thn(1).jpg,1,P1,1874,5-cent,0.6241385674654034,0.5594569066008204,0.0,1.0,0.0,0.0
12a4_g5a_5-f15_1913_1-cent_thn.jpg,15,F15,1913,1-cent,1.0,1.0,0.0,1.0,0.7014062374791208,0.0
12d4_g6_9-ms64_1946_10-cent_thn.jpg,64,MS64,1946,10-cent,1.0,1.0,0.0,1.0,1.0,0.0
12d3_g5_7-ef40_1913_10-cent_thn.jpg,40,EF40,1913,10-cent,1.0,1.0,0.0,1.0,1.0,0.0
12c2_e7_7-ef45_1908_5-cent_thn.jpg,45,EF45,1908,5-cent,0.5523649082853149,0.7288058962540617,0.0,1.0,0.2274957402800007,0.0
12a2_vd_9-ms64_1888_1-cent_thn.jpg,64,MS64,1888,1-cent,1.0,1.0,0.0,1.0,1.0,0.0
12g1_vd_9-ms61_1881h_50-cent_thn.jpg,61,MS61,1881h,50-cent,1.0,1.0,0.0,1.0,1.0,0.0
12h2_g5_8-au50_1936_1-dollar_thn.jpg,50,AU50,1936,1-dollar,1.0,1.0,0.0,1.0,0.8273531772303075,0.0
12c1_vl_9-ms62_1887_5-cent_thn.jpg,62,MS62,1887,5-cent,1.0,1.0,0.0,1.0,1.0,0.0
12d2_e7_1a-p1_1906_10-cent_thn.jpg,1,P1,1906,10-cent,0.6337922581130107,0.5533768237022111,0.0,1.0,0.0,0.0
12g2_e7_8-au53_1903h_50-cent_thn.jpg,53,AU53,1903h,50-cent,1.0,1.0,0.0,1.0,1.0,0.0
12a2_vd_2-ag3_1888_1-cent_obv-C&C_thn.jpg,3,AG3,1888,1-cent,0.9629921908362307,1.0,0.0,0.7263555361918737,1.0,1.0
12a3_e7_8-au58_1906_1-cent_thn.jpg,58,AU58,1906,1-cent,1.0,1.0,0.0,1.0,1.0,0.0
12a2_vd_9-ms60b_1891_1-cent_thn.jpg,60,MS60B,1891,1-cent,1.0,1.0,0.0,1.0,0.8406823350009515,0.0
12h1_g5_9-ms64_1935_1-dollar_thn.jpg,64,MS64,1935,1-dollar,1.0,1.0,0.0,1.0,1.0,0.0
12d2_e7_7-ef45_1902_10-cent_thn.jpg,45,EF45,1902,10-cent,1.0,1.0,0.0,1.0,0.9634329971234634,0.0
12g3_g5_8-au55_1929_50-cent_thn.jpg,55,AU55,1929,50-cent,1.0,1.0,0.0,1.0,1.0,0.0
12f2_e7_9-ms66_1902_25-cent_thn.jpg,66,MS66,1902,25-cent,1.0,1.0,0.0,1.0,1.0,0.0
12h2_g5_7-ef40_1936_1-dollar_thn.jpg,40,EF40,1936,1-dollar,0.7220293472110075,0.7096938709661539,0.0,1.0,0.2687753258248011,0.0
12f3_g5_9-ms60_1934_25-cent_thn.jpg,60,MS60,1934,25-cent,1.0,1.0,0.0,1.0,0.9506705552444286,0.0
12d1_vl_9-ms64_1898_10-cent_thn.jpg,64,MS64,1898,10-cent,1.0,1.0,0.0,1.0,1.0,0.0
12g3_g5_3-g6_1932_50-cent_thn.jpg,6,G6,1932,50-cent,0.8287310378754786,0.7116936881485352,0.0,1.0,0.2836912880919503,0.0
12g4_g6_9-ms60_1952_50-cent_thn.jpg,60,MS60,1952,50-cent,1.0,1.0,0.0,1.0,0.9121792118863444,0.0
12c1_vl_9-ms67_1898_5-cent_thn.jpg,67,MS67,1898,5-cent,1.0,1.0,0.0,1.0,1.0,0.0
12f3_g5_6-vf35_1916_25-cent_thn.jpg,35,VF35,1916,25-cent,0.7480973752980626,0.8637684086631069,0.0,1.0,0.4168241853487394,0.0
12f1_vd_9-ms66_1883h_25-cent_thn.jpg,66,MS66,1883h,25-cent,1.0,1.0,0.0,1.0,1.0,0.0
12d3_g5_8-au53_1913_10-cent_thn.jpg,53,AU53,1913,10-cent,1.0,1.0,0.0,1.0,1.0,0.0
12h3_g6_9_ms60_1946_1-dollar_thn.jpg,60,MS60,1946,1-dollar,1.0,1.0,0.0,1.0,1.0,0.0
12c3_g5b_8-au53_1926_5-cent_thn.jpg,53,AU53,1926,5-cent,1.0,1.0,0.0,1.0,0.9877111059199934,0.0
12d1_vl_3-g4_1893_10-cent_thn.jpg,4,G4,1893,10-cent,0.9924029882143128,1.0,0.0,1.0,0.6594012555930608,0.0
12f1_vd_9-ms63_1872h_25-cent_thn.jpg,63,MS63,1872h,25-cent,1.0,1.0,0.0,1.0,1.0,0.0
12f2_e7_5-f15_1904_25-cent_thn.jpg,15,F15,1904,25-cent,1.0,1.0,0.0,1.0,1.0,0.0
12g1_vd_6-vf20_1894_50-cent_thn.jpg,20,VF20,1894,50-cent,1.0,1.0,0.0,1.0,0.7996974417197877,0.0
12d1_vl_6-vf35_1858_10-cent_thn.jpg,35,VF35,1858,10-cent,0.7794614536869188,0.8477605573515767,0.0,1.0,0.38721894717108457,0.0
12g1_vd_2-ag3_1894_50-cent_thn.jpg,3,AG3,1894,50-cent,0.9224375322409395,0.7519391108224703,0.0,0.955,0.272606325252078,0.0
12d1_vl_6-vf20_1883_10-cent_thn.jpg,20,VF20,1883,10-cent,1.0,1.0,0.0,1.0,0.6903212746392484,0.0
12h2_g5_8-au53_1936_1-dollar_thn.jpg,53,AU53,1936,1-dollar,1.0,1.0,0.0,1.0,1.0,0.0
12d3_g5_9-ms60_1933_10-cent_thn.jpg,60,MS60,1933,10-cent,0.595404581391088,0.8336625780184832,0.0,0.9175,0.38279856321653427,0.0
12h3_g6_4-vg08_1937_1-dollar_thn.jpg,8,VG08,1937,1-dollar,0.5617673945649393,0.4479072904446393,0.0,1.0,0.0,0.0
